{"stats":{"minecraft:custom":{"minecraft:jump":30,"minecraft:time_since_rest":947,"minecraft:damage_dealt":51,"minecraft:sprint_one_cm":3898,"minecraft:walk_one_cm":2719,"minecraft:damage_taken":360,"minecraft:leave_game":2,"minecraft:play_time":1392,"minecraft:time_since_death":739,"minecraft:deaths":1,"minecraft:total_world_time":1392,"minecraft:mob_kills":1,"minecraft:fall_one_cm":209,"minecraft:fly_one_cm":5880},"minecraft:killed":{"minecraft:husk":1},"minecraft:killed_by":{"minecraft:husk":1}},"DataVersion":3839}