{"stats":{"minecraft:used":{"minecraft:stone_sword":3,"minecraft:crafting_table":1,"minecraft:oak_sapling":3,"minecraft:wooden_pickaxe":36},"minecraft:crafted":{"minecraft:stone_sword":1,"minecraft:oak_planks":28,"minecraft:crafting_table":1,"minecraft:stick":16,"minecraft:wooden_pickaxe":1},"minecraft:custom":{"minecraft:time_since_rest":5533,"minecraft:crouch_one_cm":1216,"minecraft:sprint_one_cm":19843,"minecraft:play_time":5533,"minecraft:walk_one_cm":4169,"minecraft:sneak_time":803,"minecraft:drop":1,"minecraft:jump":54,"minecraft:damage_dealt":180,"minecraft:walk_on_water_one_cm":615,"minecraft:leave_game":1,"minecraft:time_since_death":5533,"minecraft:climb_one_cm":605,"minecraft:total_world_time":5533,"minecraft:interact_with_crafting_table":4,"minecraft:fall_one_cm":1256,"minecraft:fly_one_cm":10855},"minecraft:mined":{"minecraft:grass":1,"minecraft:oak_log":7,"minecraft:dead_bush":1,"minecraft:stone":36},"minecraft:dropped":{"minecraft:wooden_pickaxe":1},"minecraft:picked_up":{"minecraft:oak_log":7,"minecraft:oak_sapling":4,"minecraft:cobblestone":36}},"DataVersion":3465}