{"stats":{"minecraft:crafted":{"minecraft:oak_planks":24},"minecraft:custom":{"minecraft:jump":22,"minecraft:time_since_rest":2390,"minecraft:leave_game":1,"minecraft:sprint_one_cm":4201,"minecraft:play_time":2390,"minecraft:walk_on_water_one_cm":295,"minecraft:time_since_death":2390,"minecraft:walk_one_cm":3357,"minecraft:total_world_time":2390,"minecraft:fall_one_cm":209,"minecraft:fly_one_cm":4186},"minecraft:mined":{"minecraft:oak_log":6,"minecraft:oak_leaves":1},"minecraft:picked_up":{"minecraft:oak_log":6}},"DataVersion":3465}